iteration;CORE;CPU;DRAM;DURATION;PSYS;UNCORE;EXIT_CODE;Program;TestNr;Utilities;Repetition
0;60547;82031;14587;24513;310851;0;0;date;2;chisel;cat_repeat1.csv
0;61767;84900;14710;24607;305908;0;0;mkdir;1;debop;cat_repeat1.csv
0;62377;86548;15503;25880;319640;0;0;sed;2;chisel;cat_repeat1.csv
0;61584;83252;14953;28541;360289;0;0;printokens2;1;cov;cat_repeat1.csv
0;115234;161437;30578;48260;606016;549;0;gzip;1;chisel;cat_repeat1.csv
0;62011;86487;14892;25355;322021;0;4;sed;1;debop;cat_repeat1.csv
0;97107;132507;23559;40325;494017;0;0;grep;1;chisel;cat_repeat1.csv
0;60730;81054;14222;24555;291992;0;0;date;2;cov;cat_repeat1.csv
0;60852;82153;14343;24240;294433;0;0;printokens2;2;bloated;cat_repeat1.csv
0;61463;84351;14954;25274;327331;0;0;printokens2;1;debop;cat_repeat1.csv
0;70495;94299;16540;28773;338683;0;0;grep;2;debop;cat_repeat1.csv
0;65430;88989;16174;27017;332701;0;0;grep;1;cov;cat_repeat1.csv
0;71899;97229;17212;28742;351317;0;0;grep;2;cov;cat_repeat1.csv
0;64453;86914;15564;26659;320861;0;0;grep;1;debop;cat_repeat1.csv
0;60730;84472;15015;24413;313048;0;0;date;1;bloated;cat_repeat1.csv
0;62439;83251;14954;25572;309753;0;0;mkdir;2;debop;cat_repeat1.csv
0;76172;100463;17517;28934;361876;0;0;gzip;2;bloated;cat_repeat1.csv
0;65918;84533;15442;25409;310302;0;0;date;2;bloated;cat_repeat1.csv
0;62439;83618;14832;25451;312621;244;0;printokens2;2;cov;cat_repeat1.csv
0;69519;90393;17151;27346;333251;977;0;grep;1;bloated;cat_repeat1.csv
0;61889;84289;15075;25062;309814;0;0;mkdir;2;chisel;cat_repeat1.csv
0;61523;83984;14953;24506;301757;0;4;sed;1;bloated;cat_repeat1.csv
0;69702;97412;17273;28680;349669;0;0;grep;2;bloated;cat_repeat1.csv
0;63538;83496;14954;24902;305114;0;0;printokens2;1;bloated;cat_repeat1.csv
0;61157;81482;14221;24742;306456;0;0;date;2;debop;cat_repeat1.csv
0;61280;86425;14953;25042;308776;0;0;printokens2;2;chisel;cat_repeat1.csv
0;62621;86365;15442;25803;322387;0;4;sed;2;debop;cat_repeat1.csv
0;73731;102661;16540;26178;324157;0;0;mkdir;1;bloated;cat_repeat1.csv
0;61645;83191;14893;25476;304198;0;4;sed;1;cov;cat_repeat1.csv
0;62012;84045;14953;25445;305114;0;4;sed;2;cov;cat_repeat1.csv
0;61096;81177;14282;24537;303344;0;0;date;1;cov;cat_repeat1.csv
0;112670;156616;27771;47496;590635;0;0;gzip;2;chisel;cat_repeat1.csv
0;61585;81848;14343;24521;288635;0;0;mkdir;1;cov;cat_repeat1.csv
0;60913;81054;14282;24522;303649;0;0;date;1;chisel;cat_repeat1.csv
0;61279;81543;14283;24477;293090;0;4;sed;2;bloated;cat_repeat1.csv
0;64331;83618;14892;25086;314513;0;0;printokens2;1;chisel;cat_repeat1.csv
0;62622;86547;15564;26009;322753;0;0;sed;1;chisel;cat_repeat1.csv
0;88318;111572;17944;29958;387511;0;0;gzip;2;cov;cat_repeat1.csv
0;74524;101928;17822;29209;373351;0;0;gzip;1;bloated;cat_repeat1.csv
0;65490;90332;17701;25499;313658;61;0;mkdir;2;bloated;cat_repeat1.csv
0;72021;97595;17212;28943;356201;0;0;gzip;1;debop;cat_repeat1.csv
0;61401;83679;14892;24863;305907;0;0;printokens2;2;debop;cat_repeat1.csv
0;71228;98267;17150;28478;338317;0;0;gzip;2;debop;cat_repeat1.csv
0;61523;84412;15015;24641;317504;0;0;mkdir;1;chisel;cat_repeat1.csv
0;60974;84045;14831;24570;301696;0;0;date;1;debop;cat_repeat1.csv
0;100341;133850;23376;40694;498717;0;0;grep;2;chisel;cat_repeat1.csv
0;72632;96802;17761;29364;357604;0;0;gzip;1;cov;cat_repeat1.csv
0;61340;84228;14831;25317;308837;0;0;mkdir;2;cov;cat_repeat1.csv
0;60120;80810;14221;24414;291564;0;0;date;2;chisel;cat_repeat2.csv
0;61157;82214;14466;24408;290038;0;0;mkdir;1;debop;cat_repeat2.csv
0;64209;82398;15320;25922;319519;0;0;sed;2;chisel;cat_repeat2.csv
0;60424;85204;14831;24289;306335;427;0;printokens2;1;cov;cat_repeat2.csv
0;113525;154724;27282;47232;561278;0;0;gzip;1;chisel;cat_repeat2.csv
0;60913;85388;15015;24627;300658;0;4;sed;1;debop;cat_repeat2.csv
0;93750;126953;22217;38553;469359;0;0;grep;1;chisel;cat_repeat2.csv
0;60730;85449;15381;24704;303100;0;0;date;2;cov;cat_repeat2.csv
0;59571;81970;14222;24125;288757;0;0;printokens2;2;bloated;cat_repeat2.csv
0;60242;82275;14282;24267;283812;0;0;printokens2;1;debop;cat_repeat2.csv
0;71228;99243;17762;28801;333129;0;0;grep;2;debop;cat_repeat2.csv
0;63720;88806;15564;25831;309874;0;0;grep;1;cov;cat_repeat2.csv
0;70861;96069;16541;28687;332214;0;0;grep;2;cov;cat_repeat2.csv
0;63842;88745;14832;26111;309509;0;0;grep;1;debop;cat_repeat2.csv
0;60547;82031;14282;24741;289428;0;0;date;1;bloated;cat_repeat2.csv
0;61218;85571;14770;24683;299194;0;0;mkdir;2;debop;cat_repeat2.csv
0;72510;101013;17151;28605;338501;0;0;gzip;2;bloated;cat_repeat2.csv
0;61828;82275;14953;24658;300231;305;0;date;2;bloated;cat_repeat2.csv
0;60546;85449;16724;24386;299072;0;0;printokens2;2;cov;cat_repeat2.csv
0;64636;89356;15686;26084;312133;0;0;grep;1;bloated;cat_repeat2.csv
0;60852;81909;14587;24349;306945;0;0;mkdir;2;chisel;cat_repeat2.csv
0;61340;85938;14954;24799;296813;0;4;sed;1;bloated;cat_repeat2.csv
0;70618;98755;17090;28811;347533;0;0;grep;2;bloated;cat_repeat2.csv
0;60608;82580;14282;24268;290222;0;0;printokens2;1;bloated;cat_repeat2.csv
0;61585;85877;14954;24639;302001;0;0;date;2;debop;cat_repeat2.csv
0;60119;85815;14709;24323;297851;0;0;printokens2;2;chisel;cat_repeat2.csv
0;61584;85999;14282;27297;283813;0;4;sed;2;debop;cat_repeat2.csv
0;62927;85388;15137;24667;290954;1098;0;mkdir;1;bloated;cat_repeat2.csv
0;60242;85815;15076;24353;298278;0;4;sed;1;cov;cat_repeat2.csv
0;62317;82092;14282;24770;302673;0;4;sed;2;cov;cat_repeat2.csv
0;61646;86792;14892;24621;298095;0;0;date;1;cov;cat_repeat2.csv
0;112182;157287;27832;47133;562255;0;0;gzip;2;chisel;cat_repeat2.csv
0;69763;108032;15930;24788;295349;0;0;mkdir;1;cov;cat_repeat2.csv
0;60425;82398;14465;24326;284057;0;0;date;1;chisel;cat_repeat2.csv
0;64087;88135;16540;25203;309570;977;4;sed;2;bloated;cat_repeat2.csv
0;60424;81054;14282;24311;286804;0;0;printokens2;1;chisel;cat_repeat2.csv
0;61340;85815;14893;24720;303039;0;0;sed;1;chisel;cat_repeat2.csv
0;72265;97228;16540;28569;334593;0;0;gzip;2;cov;cat_repeat2.csv
0;72021;97351;17151;28492;337218;0;0;gzip;1;bloated;cat_repeat2.csv
0;62073;86243;15259;24787;297119;0;0;mkdir;2;bloated;cat_repeat2.csv
0;71228;97595;16419;28416;339965;0;0;gzip;1;debop;cat_repeat2.csv
0;60791;85754;15381;24466;289672;0;0;printokens2;2;debop;cat_repeat2.csv
0;70862;96924;16480;28404;334593;0;0;gzip;2;debop;cat_repeat2.csv
0;60730;84655;16907;24507;294860;0;0;mkdir;1;chisel;cat_repeat2.csv
0;60669;81665;14282;24432;286926;0;0;date;1;debop;cat_repeat2.csv
0;99914;139892;26062;40397;494078;855;0;grep;2;chisel;cat_repeat2.csv
0;71960;100158;17639;28511;340637;0;0;gzip;1;cov;cat_repeat2.csv
0;60547;84350;14954;24799;288940;0;0;mkdir;2;cov;cat_repeat2.csv
0;61889;86792;14954;24423;272582;0;0;date;2;chisel;cat_repeat7.csv
0;72570;96862;16907;25683;313110;916;0;mkdir;1;debop;cat_repeat7.csv
0;62378;86731;14953;24715;285278;0;0;sed;2;chisel;cat_repeat7.csv
0;61218;82824;14282;24239;273315;0;0;printokens2;1;cov;cat_repeat7.csv
0;113525;157715;27344;47095;529174;0;0;gzip;1;chisel;cat_repeat7.csv
0;61523;86304;14954;24664;285034;0;4;sed;1;debop;cat_repeat7.csv
0;93322;130248;21668;37514;430602;0;0;grep;1;chisel;cat_repeat7.csv
0;61950;86669;14893;24546;285217;0;0;date;2;cov;cat_repeat7.csv
0;60852;82337;14221;24439;274291;0;0;printokens2;2;bloated;cat_repeat7.csv
0;60486;86548;14893;24209;285461;0;0;printokens2;1;debop;cat_repeat7.csv
0;70312;95154;17395;28812;329712;0;0;grep;2;debop;cat_repeat7.csv
0;63904;88806;15625;26106;295348;0;0;grep;1;cov;cat_repeat7.csv
0;70740;96130;16602;28632;318724;0;0;grep;2;cov;cat_repeat7.csv
0;63721;88989;15503;25924;302550;0;0;grep;1;debop;cat_repeat7.csv
0;62195;86486;14832;24568;285034;0;0;date;1;bloated;cat_repeat7.csv
0;62317;86731;14893;24844;285155;0;0;mkdir;2;debop;cat_repeat7.csv
0;72998;99976;17090;28742;337707;0;0;gzip;2;bloated;cat_repeat7.csv
0;61096;82946;14282;24476;275024;0;0;date;2;bloated;cat_repeat7.csv
0;59814;82153;14221;24161;275818;0;0;printokens2;2;cov;cat_repeat7.csv
0;64331;89295;15442;26017;297058;0;0;grep;1;bloated;cat_repeat7.csv
0;61889;83373;14282;24656;284118;0;0;mkdir;2;chisel;cat_repeat7.csv
0;61096;86059;14893;24499;287597;0;4;sed;1;bloated;cat_repeat7.csv
0;70984;95764;16784;28599;319091;0;0;grep;2;bloated;cat_repeat7.csv
0;61035;85693;14893;24599;286071;0;0;printokens2;1;bloated;cat_repeat7.csv
0;61890;85876;14771;24892;290465;305;0;date;2;debop;cat_repeat7.csv
0;61340;83008;14160;24215;273071;0;0;printokens2;2;chisel;cat_repeat7.csv
0;63354;88622;16662;24633;292053;976;4;sed;2;debop;cat_repeat7.csv
0;62683;86670;14893;27904;330627;0;0;mkdir;1;bloated;cat_repeat7.csv
0;61035;82580;14282;24625;274352;0;4;sed;1;cov;cat_repeat7.csv
0;81359;107360;16296;25898;333678;0;4;sed;2;cov;cat_repeat7.csv
0;61340;83557;14282;24445;274292;0;0;date;1;cov;cat_repeat7.csv
0;113098;157775;27222;47022;530882;0;0;gzip;2;chisel;cat_repeat7.csv
0;65918;86730;15076;27718;324279;0;0;mkdir;1;cov;cat_repeat7.csv
0;60363;83496;14465;24224;280700;0;0;date;1;chisel;cat_repeat7.csv
0;63110;87157;14893;24761;286193;0;4;sed;2;bloated;cat_repeat7.csv
0;62683;86792;15442;24348;290161;245;0;printokens2;1;chisel;cat_repeat7.csv
0;60730;82702;14343;24575;284972;0;0;sed;1;chisel;cat_repeat7.csv
0;72388;100463;17151;28468;330871;0;0;gzip;2;cov;cat_repeat7.csv
0;71717;100708;17090;28486;331420;0;0;gzip;1;bloated;cat_repeat7.csv
0;61889;86182;14831;24946;288634;0;0;mkdir;2;bloated;cat_repeat7.csv
0;73181;101623;17090;28599;330993;0;0;gzip;1;debop;cat_repeat7.csv
0;61157;83252;14221;24375;274902;0;0;printokens2;2;debop;cat_repeat7.csv
0;72449;100708;17090;28644;319884;0;0;gzip;2;debop;cat_repeat7.csv
0;71716;97534;16235;26629;315734;0;0;mkdir;1;chisel;cat_repeat7.csv
0;61829;86669;14832;24517;283202;0;0;date;1;debop;cat_repeat7.csv
0;99670;139587;23926;40677;463683;0;0;grep;2;chisel;cat_repeat7.csv
0;71899;97168;16358;28439;319579;0;0;gzip;1;cov;cat_repeat7.csv
0;62378;83679;15137;24817;275024;0;0;mkdir;2;cov;cat_repeat7.csv
0;60120;82947;14282;24428;290161;0;0;date;2;chisel;cat_repeat3.csv
0;60852;85998;14831;24769;284484;0;0;mkdir;1;debop;cat_repeat3.csv
0;61584;82947;14405;24805;283447;0;0;sed;2;chisel;cat_repeat3.csv
0;60364;82336;14221;24230;273253;0;0;printokens2;1;cov;cat_repeat3.csv
0;112976;157226;27222;47218;542662;0;0;gzip;1;chisel;cat_repeat3.csv
0;61218;86181;14892;24467;287231;0;4;sed;1;debop;cat_repeat3.csv
0;95581;130981;22888;38229;451537;671;0;grep;1;chisel;cat_repeat3.csv
0;60974;85815;15136;24692;285826;0;0;date;2;cov;cat_repeat3.csv
0;60669;85755;14282;24330;274596;0;0;printokens2;2;bloated;cat_repeat3.csv
0;61218;83862;14282;24149;273803;0;0;printokens2;1;debop;cat_repeat3.csv
0;70007;98328;17090;28666;328185;0;0;grep;2;debop;cat_repeat3.csv
0;64636;89295;15503;26001;294494;0;0;grep;1;cov;cat_repeat3.csv
0;70923;95337;16662;28588;317504;0;0;grep;2;cov;cat_repeat3.csv
0;63843;88561;15747;26110;295409;0;0;grep;1;debop;cat_repeat3.csv
0;61706;85938;14283;24601;274901;0;0;date;1;bloated;cat_repeat3.csv
0;61767;83068;14283;24796;273253;0;0;mkdir;2;debop;cat_repeat3.csv
0;73181;100769;17822;28485;342223;244;0;gzip;2;bloated;cat_repeat3.csv
0;60974;85754;14832;24525;285095;0;0;date;2;bloated;cat_repeat3.csv
0;60363;83374;14160;24312;273620;0;0;printokens2;2;cov;cat_repeat3.csv
0;64575;88928;15381;26047;296630;0;0;grep;1;bloated;cat_repeat3.csv
0;61279;82763;14343;24444;276489;0;0;mkdir;2;chisel;cat_repeat3.csv
0;61829;85449;15503;24916;291869;916;4;sed;1;bloated;cat_repeat3.csv
0;70679;96680;16602;28771;328063;0;0;grep;2;bloated;cat_repeat3.csv
0;60790;82764;14221;24399;285705;0;0;printokens2;1;bloated;cat_repeat3.csv
0;60790;85876;14893;24719;286193;0;0;date;2;debop;cat_repeat3.csv
0;61157;83191;14160;24227;273559;0;0;printokens2;2;chisel;cat_repeat3.csv
0;60913;82519;14831;24547;285156;0;4;sed;2;debop;cat_repeat3.csv
0;60974;81848;14282;24661;285095;0;0;mkdir;1;bloated;cat_repeat3.csv
0;60852;82886;14465;24551;272460;0;4;sed;1;cov;cat_repeat3.csv
0;60608;81664;14221;24611;271301;0;4;sed;2;cov;cat_repeat3.csv
0;60058;85754;14222;24438;274352;0;0;date;1;cov;cat_repeat3.csv
0;113403;157836;27283;47263;540526;0;0;gzip;2;chisel;cat_repeat3.csv
0;61706;82886;14343;24811;284301;0;0;mkdir;1;cov;cat_repeat3.csv
0;60486;82641;14587;24234;287291;0;0;date;1;chisel;cat_repeat3.csv
0;61706;85876;14893;24805;283996;0;4;sed;2;bloated;cat_repeat3.csv
0;60303;82519;14343;24247;276183;0;0;printokens2;1;chisel;cat_repeat3.csv
0;60852;82581;14892;24566;284789;0;0;sed;1;chisel;cat_repeat3.csv
0;71106;97229;16540;28341;318663;0;0;gzip;2;cov;cat_repeat3.csv
0;72509;100342;17212;28711;331176;0;0;gzip;1;bloated;cat_repeat3.csv
0;62011;86792;14892;24916;284728;0;0;mkdir;2;bloated;cat_repeat3.csv
0;71655;100037;17090;28527;329772;0;0;gzip;1;debop;cat_repeat3.csv
0;60852;81970;14344;24273;274292;0;0;printokens2;2;debop;cat_repeat3.csv
0;72083;99793;17029;28640;331787;0;0;gzip;2;debop;cat_repeat3.csv
0;60547;86242;15259;24507;275634;0;0;mkdir;1;chisel;cat_repeat3.csv
0;60974;86181;14893;24374;283813;0;0;date;1;debop;cat_repeat3.csv
0;99182;139343;23438;40551;470641;0;0;grep;2;chisel;cat_repeat3.csv
0;71411;96740;16601;28456;319763;0;0;gzip;1;cov;cat_repeat3.csv
0;73914;116272;16785;24957;285888;0;0;mkdir;2;cov;cat_repeat3.csv
0;62012;82886;14282;24592;275451;0;0;date;2;chisel;cat_repeat10.csv
0;62256;85937;14831;24627;283752;0;0;mkdir;1;debop;cat_repeat10.csv
0;62316;83435;14465;24647;277709;0;0;sed;2;chisel;cat_repeat10.csv
0;60485;82519;14222;24221;273620;0;0;printokens2;1;cov;cat_repeat10.csv
0;123351;171691;28564;48808;552366;0;0;gzip;1;chisel;cat_repeat10.csv
0;61462;86121;15015;24513;284423;0;4;sed;1;debop;cat_repeat10.csv
0;95276;131286;25452;38331;441955;0;0;grep;1;chisel;cat_repeat10.csv
0;62011;83312;14283;24595;274169;0;0;date;2;cov;cat_repeat10.csv
0;60363;82764;14282;24244;275756;0;0;printokens2;2;bloated;cat_repeat10.csv
0;61402;82825;14282;24466;274231;0;0;printokens2;1;debop;cat_repeat10.csv
0;70861;99487;17150;28708;318298;0;0;grep;2;debop;cat_repeat10.csv
0;67077;90576;16602;26535;302672;976;0;grep;1;cov;cat_repeat10.csv
0;71472;99792;17212;28592;333312;0;0;grep;2;cov;cat_repeat10.csv
0;64392;89539;15625;25949;295227;0;0;grep;1;debop;cat_repeat10.csv
0;61951;87768;16418;24683;290344;610;0;date;1;bloated;cat_repeat10.csv
0;62316;83557;14465;24995;284667;0;0;mkdir;2;debop;cat_repeat10.csv
0;73120;103088;18615;28671;320739;0;0;gzip;2;bloated;cat_repeat10.csv
0;60913;83069;14282;24617;275389;0;0;date;2;bloated;cat_repeat10.csv
0;60425;83252;14282;24296;285033;0;0;printokens2;2;cov;cat_repeat10.csv
0;65552;88745;15503;26235;295288;0;0;grep;1;bloated;cat_repeat10.csv
0;61523;83374;14343;24487;285278;0;0;mkdir;2;chisel;cat_repeat10.csv
0;62439;87341;16419;24744;277038;0;4;sed;1;bloated;cat_repeat10.csv
0;71778;101196;17395;28831;331542;0;0;grep;2;bloated;cat_repeat10.csv
0;61767;82885;14770;24578;284790;0;0;printokens2;1;bloated;cat_repeat10.csv
0;61340;85449;14831;24620;285156;0;0;date;2;debop;cat_repeat10.csv
0;61646;82764;14221;24336;272765;0;0;printokens2;2;chisel;cat_repeat10.csv
0;61584;83129;14282;24585;275451;0;4;sed;2;debop;cat_repeat10.csv
0;61707;86608;14831;24450;285766;0;0;mkdir;1;bloated;cat_repeat10.csv
0;61767;83190;14283;24560;274352;0;4;sed;1;cov;cat_repeat10.csv
0;61157;82641;14343;24657;285033;0;4;sed;2;cov;cat_repeat10.csv
0;61828;83007;14221;24629;273925;0;0;date;1;cov;cat_repeat10.csv
0;123474;161437;27893;50046;588011;0;0;gzip;2;chisel;cat_repeat10.csv
0;61462;86731;14954;24473;286376;0;0;mkdir;1;cov;cat_repeat10.csv
0;61157;85999;14832;24505;275207;0;0;date;1;chisel;cat_repeat10.csv
0;61096;85937;14771;24454;275634;0;4;sed;2;bloated;cat_repeat10.csv
0;60669;82886;14160;24294;273803;0;0;printokens2;1;chisel;cat_repeat10.csv
0;61523;86792;14771;24514;284850;0;0;sed;1;chisel;cat_repeat10.csv
0;73242;101806;17090;28691;330627;0;0;gzip;2;cov;cat_repeat10.csv
0;72143;100952;17090;28644;332824;0;0;gzip;1;bloated;cat_repeat10.csv
0;62072;86975;14953;24818;286315;0;0;mkdir;2;bloated;cat_repeat10.csv
0;73791;97290;17090;28696;336730;305;0;gzip;1;debop;cat_repeat10.csv
0;62561;84594;15198;24334;284362;855;0;printokens2;2;debop;cat_repeat10.csv
0;71899;97840;16663;28423;327148;0;0;gzip;2;debop;cat_repeat10.csv
0;61035;82885;14282;24603;279296;0;0;mkdir;1;chisel;cat_repeat10.csv
0;61340;82886;14282;24556;274841;0;0;date;1;debop;cat_repeat10.csv
0;100036;137634;23316;39943;458434;0;0;grep;2;chisel;cat_repeat10.csv
0;72388;99182;16540;28554;320556;0;0;gzip;1;cov;cat_repeat10.csv
0;62927;88928;17211;24788;277221;610;0;mkdir;2;cov;cat_repeat10.csv
0;60486;82947;14160;24255;277282;0;0;date;2;chisel;cat_repeat4.csv
0;62133;83069;14343;24747;286620;0;0;mkdir;1;debop;cat_repeat4.csv
0;61950;86609;16297;24735;274169;0;0;sed;2;chisel;cat_repeat4.csv
0;71472;110413;16296;24483;274840;0;0;printokens2;1;cov;cat_repeat4.csv
0;113464;157531;27344;47113;530028;0;0;gzip;1;chisel;cat_repeat4.csv
0;60974;83007;14282;24491;273865;0;4;sed;1;debop;cat_repeat4.csv
0;93933;130371;22217;37896;435973;0;0;grep;1;chisel;cat_repeat4.csv
0;61950;83618;14404;24471;284667;0;0;date;2;cov;cat_repeat4.csv
0;60791;82825;14282;24331;272888;0;0;printokens2;2;bloated;cat_repeat4.csv
0;60913;82947;14283;24090;272887;0;0;printokens2;1;debop;cat_repeat4.csv
0;71289;99853;17395;28778;330687;0;0;grep;2;debop;cat_repeat4.csv
0;64514;88745;15381;26089;295776;0;0;grep;1;cov;cat_repeat4.csv
0;69824;95398;17273;28714;329406;0;0;grep;2;cov;cat_repeat4.csv
0;64209;88989;15503;26012;295531;0;0;grep;1;debop;cat_repeat4.csv
0;61035;83190;14343;24442;275695;0;0;date;1;bloated;cat_repeat4.csv
0;61462;86181;14832;24762;285460;0;0;mkdir;2;debop;cat_repeat4.csv
0;71228;99426;17151;28495;331115;0;0;gzip;2;bloated;cat_repeat4.csv
0;60974;82519;14343;24605;284606;0;0;date;2;bloated;cat_repeat4.csv
0;60913;82214;14160;24214;273192;0;0;printokens2;2;cov;cat_repeat4.csv
0;63843;88806;15625;26038;284911;0;0;grep;1;bloated;cat_repeat4.csv
0;60913;85815;14893;24491;286498;0;0;mkdir;2;chisel;cat_repeat4.csv
0;60974;82092;14221;24705;274352;0;4;sed;1;bloated;cat_repeat4.csv
0;69946;98754;17151;28656;331054;0;0;grep;2;bloated;cat_repeat4.csv
0;60059;85266;14831;24427;284301;0;0;printokens2;1;bloated;cat_repeat4.csv
0;61218;82946;14404;24479;274230;0;0;date;2;debop;cat_repeat4.csv
0;61035;87097;14283;24349;273193;0;0;printokens2;2;chisel;cat_repeat4.csv
0;61462;82641;14222;24758;273559;0;4;sed;2;debop;cat_repeat4.csv
0;60791;82337;14282;24527;274291;0;0;mkdir;1;bloated;cat_repeat4.csv
0;61157;82825;14832;24492;284057;0;4;sed;1;cov;cat_repeat4.csv
0;61279;82825;14893;24618;273559;0;4;sed;2;cov;cat_repeat4.csv
0;61890;82825;14343;24539;273132;0;0;date;1;cov;cat_repeat4.csv
0;113525;161742;27344;47178;527708;0;0;gzip;2;chisel;cat_repeat4.csv
0;60730;85266;14893;24721;286377;0;0;mkdir;1;cov;cat_repeat4.csv
0;60730;86242;14831;24376;286193;0;0;date;1;chisel;cat_repeat4.csv
0;61828;83374;14343;24667;273437;0;4;sed;2;bloated;cat_repeat4.csv
0;60364;82824;14282;24396;273315;0;0;printokens2;1;chisel;cat_repeat4.csv
0;61157;85510;15198;24662;273558;0;0;sed;1;chisel;cat_repeat4.csv
0;71167;99670;17151;28437;330138;0;0;gzip;2;cov;cat_repeat4.csv
0;72144;100341;17151;28559;330748;0;0;gzip;1;bloated;cat_repeat4.csv
0;61585;82520;14282;24649;279358;0;0;mkdir;2;bloated;cat_repeat4.csv
0;72204;98327;17578;28521;319518;0;0;gzip;1;debop;cat_repeat4.csv
0;60547;86792;14832;24223;283751;0;0;printokens2;2;debop;cat_repeat4.csv
0;71777;97046;16602;28384;336241;0;0;gzip;2;debop;cat_repeat4.csv
0;62256;83618;15991;24431;288207;0;0;mkdir;1;chisel;cat_repeat4.csv
0;61646;86304;14770;24394;284850;0;0;date;1;debop;cat_repeat4.csv
0;98999;139648;23926;40372;465026;0;0;grep;2;chisel;cat_repeat4.csv
0;71350;100036;17151;28411;320922;0;0;gzip;1;cov;cat_repeat4.csv
0;62195;85693;14954;24892;285522;0;0;mkdir;2;cov;cat_repeat4.csv
0;60913;82642;14770;24417;276306;0;0;date;2;chisel;cat_repeat8.csv
0;61157;83923;15808;24671;287536;0;0;mkdir;1;debop;cat_repeat8.csv
0;61157;83191;14892;24648;285705;0;0;sed;2;chisel;cat_repeat8.csv
0;61157;83435;14404;24149;274352;0;0;printokens2;1;cov;cat_repeat8.csv
0;113281;158020;27404;47035;535705;0;0;gzip;1;chisel;cat_repeat8.csv
0;61523;86060;15137;24506;283934;0;4;sed;1;debop;cat_repeat8.csv
0;93689;129699;22339;37970;436156;0;0;grep;1;chisel;cat_repeat8.csv
0;62011;85938;14893;24757;284911;0;0;date;2;cov;cat_repeat8.csv
0;60791;82641;14282;24302;275084;0;0;printokens2;2;bloated;cat_repeat8.csv
0;60607;82641;14221;24200;274170;0;0;printokens2;1;debop;cat_repeat8.csv
0;70129;98571;17212;28695;331298;0;0;grep;2;debop;cat_repeat8.csv
0;64453;88989;15503;26055;295470;0;0;grep;1;cov;cat_repeat8.csv
0;71350;96374;17212;28786;328917;0;0;grep;2;cov;cat_repeat8.csv
0;64392;89539;15442;26061;297118;0;0;grep;1;debop;cat_repeat8.csv
0;73791;88317;15014;26773;313537;0;0;date;1;bloated;cat_repeat8.csv
0;61645;85998;14893;24920;285521;0;0;mkdir;2;debop;cat_repeat8.csv
0;71289;96741;16601;28441;321166;0;0;gzip;2;bloated;cat_repeat8.csv
0;62134;83435;14282;24610;273681;0;0;date;2;bloated;cat_repeat8.csv
0;60485;83435;14832;24277;284851;0;0;printokens2;2;cov;cat_repeat8.csv
0;64941;89355;15564;26186;296936;0;0;grep;1;bloated;cat_repeat8.csv
0;60913;85998;14953;24614;286071;0;0;mkdir;2;chisel;cat_repeat8.csv
0;61462;82886;15136;24519;285949;0;4;sed;1;bloated;cat_repeat8.csv
0;71106;99121;17212;28922;330809;0;0;grep;2;bloated;cat_repeat8.csv
0;62195;82824;14221;24597;284606;0;0;printokens2;1;bloated;cat_repeat8.csv
0;62195;87036;16296;24591;275451;61;0;date;2;debop;cat_repeat8.csv
0;60302;85754;14282;24241;274109;0;0;printokens2;2;chisel;cat_repeat8.csv
0;62195;88013;16357;24736;287047;0;4;sed;2;debop;cat_repeat8.csv
0;61707;86181;14954;24691;286437;0;0;mkdir;1;bloated;cat_repeat8.csv
0;61950;87036;14893;24524;283935;0;4;sed;1;cov;cat_repeat8.csv
0;61157;82947;14771;24683;284972;0;4;sed;2;cov;cat_repeat8.csv
0;61218;85998;14771;24407;285826;0;0;date;1;cov;cat_repeat8.csv
0;113769;158020;27161;47077;534972;0;0;gzip;2;chisel;cat_repeat8.csv
0;62927;85877;15136;25096;286376;0;0;mkdir;1;cov;cat_repeat8.csv
0;60608;85998;14221;24240;277099;0;0;date;1;chisel;cat_repeat8.csv
0;62744;83862;14282;24590;273376;0;4;sed;2;bloated;cat_repeat8.csv
0;62378;89477;16662;24320;282104;0;0;printokens2;1;chisel;cat_repeat8.csv
0;62073;85938;14832;24709;285217;0;0;sed;1;chisel;cat_repeat8.csv
0;71655;101501;17150;28503;331176;0;0;gzip;2;cov;cat_repeat8.csv
0;72204;100219;17151;28843;333129;0;0;gzip;1;bloated;cat_repeat8.csv
0;61890;86182;16296;24964;285705;0;0;mkdir;2;bloated;cat_repeat8.csv
0;71472;99792;17151;28498;331847;0;0;gzip;1;debop;cat_repeat8.csv
0;60364;82153;14343;24274;275085;0;0;printokens2;2;debop;cat_repeat8.csv
0;71228;96923;16541;28551;326415;0;0;gzip;2;debop;cat_repeat8.csv
0;61340;82885;14282;24341;273925;0;0;mkdir;1;chisel;cat_repeat8.csv
0;60974;83191;14343;24533;275756;0;0;date;1;debop;cat_repeat8.csv
0;99365;135498;23316;40456;461241;122;0;grep;2;chisel;cat_repeat8.csv
0;72265;100707;17151;28498;329222;0;0;gzip;1;cov;cat_repeat8.csv
0;61340;82825;14405;24764;274840;0;0;mkdir;2;cov;cat_repeat8.csv
0;60791;82275;14770;24489;286376;0;0;date;2;chisel;cat_repeat6.csv
0;60974;85815;14465;24556;285766;0;0;mkdir;1;debop;cat_repeat6.csv
0;61219;98450;14893;24770;283629;0;0;sed;2;chisel;cat_repeat6.csv
0;60607;83068;14343;24183;272948;0;0;printokens2;1;cov;cat_repeat6.csv
0;113037;157593;27222;47177;538329;0;0;gzip;1;chisel;cat_repeat6.csv
0;61828;82763;14404;24654;284667;0;4;sed;1;debop;cat_repeat6.csv
0;93444;127624;22278;37828;435363;0;0;grep;1;chisel;cat_repeat6.csv
0;61279;82703;14283;24727;273864;0;0;date;2;cov;cat_repeat6.csv
0;60486;82153;14221;24267;283935;0;0;printokens2;2;bloated;cat_repeat6.csv
0;60729;83007;14221;24179;274414;0;0;printokens2;1;debop;cat_repeat6.csv
0;71228;99243;17151;28827;329711;0;0;grep;2;debop;cat_repeat6.csv
0;64758;85693;15686;26004;297484;0;0;grep;1;cov;cat_repeat6.csv
0;71289;96374;16724;28821;328185;0;0;grep;2;cov;cat_repeat6.csv
0;65918;91431;17578;26039;299743;976;0;grep;1;debop;cat_repeat6.csv
0;61890;86426;14893;24492;284240;0;0;date;1;bloated;cat_repeat6.csv
0;61646;86914;15991;24734;272765;0;0;mkdir;2;debop;cat_repeat6.csv
0;73730;101257;17212;28705;330565;0;0;gzip;2;bloated;cat_repeat6.csv
0;61828;86182;14831;24757;283752;0;0;date;2;bloated;cat_repeat6.csv
0;60546;82337;14282;24225;274108;0;0;printokens2;2;cov;cat_repeat6.csv
0;64514;89294;15381;26077;296447;0;0;grep;1;bloated;cat_repeat6.csv
0;60791;85571;15076;24639;287292;0;0;mkdir;2;chisel;cat_repeat6.csv
0;61707;85876;14953;24613;286010;0;4;sed;1;bloated;cat_repeat6.csv
0;70984;100769;18616;28744;332092;0;0;grep;2;bloated;cat_repeat6.csv
0;60424;81970;14160;24336;273193;0;0;printokens2;1;bloated;cat_repeat6.csv
0;61584;85877;14832;24642;285522;0;0;date;2;debop;cat_repeat6.csv
0;62317;85876;15991;24297;276001;915;0;printokens2;2;chisel;cat_repeat6.csv
0;68970;97168;15625;24672;284850;0;4;sed;2;debop;cat_repeat6.csv
0;61096;82458;14831;24670;284240;0;0;mkdir;1;bloated;cat_repeat6.csv
0;83191;116821;18921;26758;354736;0;4;sed;1;cov;cat_repeat6.csv
0;71717;98754;15137;24804;275024;0;4;sed;2;cov;cat_repeat6.csv
0;61157;86791;15808;24582;276427;0;0;date;1;cov;cat_repeat6.csv
0;113831;160827;27893;47247;552244;0;0;gzip;2;chisel;cat_repeat6.csv
0;61645;82946;14954;24719;285461;0;0;mkdir;1;cov;cat_repeat6.csv
0;60852;86731;16297;24456;289062;0;0;date;1;chisel;cat_repeat6.csv
0;70557;94666;15015;25022;283324;0;4;sed;2;bloated;cat_repeat6.csv
0;60973;83069;14343;24217;273864;0;0;printokens2;1;chisel;cat_repeat6.csv
0;60913;86426;14770;24506;286498;0;0;sed;1;chisel;cat_repeat6.csv
0;72082;101928;18676;28491;332885;0;0;gzip;2;cov;cat_repeat6.csv
0;72326;101074;17029;28379;329528;0;0;gzip;1;bloated;cat_repeat6.csv
0;61889;83069;14221;24714;273193;0;0;mkdir;2;bloated;cat_repeat6.csv
0;71839;100463;17151;28505;331237;0;0;gzip;1;debop;cat_repeat6.csv
0;60424;86121;14893;24214;274108;0;0;printokens2;2;debop;cat_repeat6.csv
0;71350;96924;17029;28495;338683;0;0;gzip;2;debop;cat_repeat6.csv
0;60852;82275;14343;24456;276977;0;0;mkdir;1;chisel;cat_repeat6.csv
0;61462;82580;14831;24664;279053;0;0;date;1;debop;cat_repeat6.csv
0;99793;136840;23316;40621;456237;0;0;grep;2;chisel;cat_repeat6.csv
0;70862;100220;16602;28362;318664;0;0;gzip;1;cov;cat_repeat6.csv
0;61828;86243;14953;24833;285521;0;0;mkdir;2;cov;cat_repeat6.csv
0;60730;82824;14221;24582;286804;0;0;date;2;chisel;cat_repeat5.csv
0;61585;83312;14282;24714;272705;0;0;mkdir;1;debop;cat_repeat5.csv
0;62988;86853;14831;24632;285949;0;0;sed;2;chisel;cat_repeat5.csv
0;61401;82947;14282;24275;272888;0;0;printokens2;1;cov;cat_repeat5.csv
0;112731;162170;27283;47062;530699;0;0;gzip;1;chisel;cat_repeat5.csv
0;61035;82520;14343;24480;274535;0;4;sed;1;debop;cat_repeat5.csv
0;94238;130676;22338;38019;435973;0;0;grep;1;chisel;cat_repeat5.csv
0;61279;83069;15686;24651;287963;0;0;date;2;cov;cat_repeat5.csv
0;60302;86365;16175;24356;286071;0;0;printokens2;2;bloated;cat_repeat5.csv
0;59632;83373;15625;24120;275390;0;0;printokens2;1;debop;cat_repeat5.csv
0;72388;100525;19104;29223;343627;366;0;grep;2;debop;cat_repeat5.csv
0;64697;89111;15686;26174;296508;0;0;grep;1;cov;cat_repeat5.csv
0;70434;98755;17212;28554;329467;0;0;grep;2;cov;cat_repeat5.csv
0;63476;85327;14893;25956;284118;0;0;grep;1;debop;cat_repeat5.csv
0;61706;82885;14343;24694;283996;0;0;date;1;bloated;cat_repeat5.csv
0;62256;85938;14954;24746;283996;0;0;mkdir;2;debop;cat_repeat5.csv
0;72326;97595;16723;28662;336669;0;0;gzip;2;bloated;cat_repeat5.csv
0;61402;83313;14221;24542;273192;0;0;date;2;bloated;cat_repeat5.csv
0;74646;107787;16236;24461;292175;0;0;printokens2;2;cov;cat_repeat5.csv
0;63964;88561;15442;26048;296875;0;0;grep;1;bloated;cat_repeat5.csv
0;60913;82092;14404;24501;274108;0;0;mkdir;2;chisel;cat_repeat5.csv
0;60913;83801;14282;24484;274658;0;4;sed;1;bloated;cat_repeat5.csv
0;70922;97046;17212;28632;330017;0;0;grep;2;bloated;cat_repeat5.csv
0;60852;85754;14709;24343;272277;0;0;printokens2;1;bloated;cat_repeat5.csv
0;61279;82702;14282;24616;273437;0;0;date;2;debop;cat_repeat5.csv
0;61035;82702;14343;24333;273193;0;0;printokens2;2;chisel;cat_repeat5.csv
0;60730;86243;14832;24536;286376;0;4;sed;2;debop;cat_repeat5.csv
0;61706;86548;14893;24587;283630;0;0;mkdir;1;bloated;cat_repeat5.csv
0;60791;82458;14282;24432;274718;0;4;sed;1;cov;cat_repeat5.csv
0;61218;82886;14649;24613;284789;0;4;sed;2;cov;cat_repeat5.csv
0;60730;85693;14282;24445;286315;0;0;date;1;cov;cat_repeat5.csv
0;114746;160033;29419;47074;533934;916;0;gzip;2;chisel;cat_repeat5.csv
0;60974;85632;14832;24676;284667;0;0;mkdir;1;cov;cat_repeat5.csv
0;60669;82885;14221;24342;281799;0;0;date;1;chisel;cat_repeat5.csv
0;60852;85937;14832;24577;285278;0;4;sed;2;bloated;cat_repeat5.csv
0;60974;85693;14832;24393;284545;0;0;printokens2;1;chisel;cat_repeat5.csv
0;62500;83984;15869;24543;273925;732;0;sed;1;chisel;cat_repeat5.csv
0;71289;99853;17090;28546;331298;0;0;gzip;2;cov;cat_repeat5.csv
0;71228;97168;16479;28434;319274;0;0;gzip;1;bloated;cat_repeat5.csv
0;61951;83190;14404;24868;274413;0;0;mkdir;2;bloated;cat_repeat5.csv
0;73120;101623;16540;28556;329772;0;0;gzip;1;debop;cat_repeat5.csv
0;60913;83190;14283;24250;273681;0;0;printokens2;2;debop;cat_repeat5.csv
0;71411;96985;16601;28398;331542;0;0;gzip;2;debop;cat_repeat5.csv
0;61096;86426;15015;24534;287292;0;0;mkdir;1;chisel;cat_repeat5.csv
0;61157;86243;14831;24478;284850;0;0;date;1;debop;cat_repeat5.csv
0;98571;133178;22766;40042;453063;0;0;grep;2;chisel;cat_repeat5.csv
0;71533;96863;16540;28555;318542;0;0;gzip;1;cov;cat_repeat5.csv
0;62134;82947;14588;24747;272644;0;0;mkdir;2;cov;cat_repeat5.csv
0;60791;85937;14771;24583;275390;0;0;date;2;chisel;cat_repeat9.csv
0;61035;82642;14526;24725;274536;0;0;mkdir;1;debop;cat_repeat9.csv
0;62133;83069;14710;24701;275024;0;0;sed;2;chisel;cat_repeat9.csv
0;61401;84228;15625;24443;276001;0;0;printokens2;1;cov;cat_repeat9.csv
0;112793;160034;27282;48152;551757;0;0;gzip;1;chisel;cat_repeat9.csv
0;61890;87402;16479;24730;275207;0;4;sed;1;debop;cat_repeat9.csv
0;94055;127685;21607;37794;437743;0;0;grep;1;chisel;cat_repeat9.csv
0;61340;85876;14831;24573;284423;0;0;date;2;cov;cat_repeat9.csv
0;60180;82703;14587;24115;273254;0;0;printokens2;2;bloated;cat_repeat9.csv
0;61462;83251;14709;24343;284545;0;0;printokens2;1;debop;cat_repeat9.csv
0;70800;99731;17150;28620;329650;0;0;grep;2;debop;cat_repeat9.csv
0;65124;88745;15442;26087;295898;0;0;grep;1;cov;cat_repeat9.csv
0;71533;97046;18127;28803;319946;0;0;grep;2;cov;cat_repeat9.csv
0;63232;88989;15442;25901;295043;0;0;grep;1;debop;cat_repeat9.csv
0;61157;82885;14282;24442;274230;0;0;date;1;bloated;cat_repeat9.csv
0;62928;86608;14893;24934;286193;0;0;mkdir;2;debop;cat_repeat9.csv
0;72205;97656;16602;28611;324890;0;0;gzip;2;bloated;cat_repeat9.csv
0;62012;87768;16296;26669;312560;0;0;date;2;bloated;cat_repeat9.csv
0;60852;83069;14344;24253;274352;0;0;printokens2;2;cov;cat_repeat9.csv
0;63599;88318;15441;25905;303039;0;0;grep;1;bloated;cat_repeat9.csv
0;63294;85266;15747;24853;278380;1098;0;mkdir;2;chisel;cat_repeat9.csv
0;62317;86242;14953;24649;285583;0;4;sed;1;bloated;cat_repeat9.csv
0;71656;99915;17212;28820;329284;0;0;grep;2;bloated;cat_repeat9.csv
0;60547;82825;14221;24323;274657;0;0;printokens2;1;bloated;cat_repeat9.csv
0;61828;84290;14343;24564;274597;0;0;date;2;debop;cat_repeat9.csv
0;60730;83007;14160;24130;274536;0;0;printokens2;2;chisel;cat_repeat9.csv
0;61584;86548;14832;24572;285155;0;4;sed;2;debop;cat_repeat9.csv
0;61645;86608;14282;24709;275329;0;0;mkdir;1;bloated;cat_repeat9.csv
0;61463;86181;14831;24617;285705;0;4;sed;1;cov;cat_repeat9.csv
0;61950;83069;14831;24646;285156;0;4;sed;2;cov;cat_repeat9.csv
0;61584;86486;14831;24579;285217;0;0;date;1;cov;cat_repeat9.csv
0;113464;161620;27832;47254;542967;0;0;gzip;2;chisel;cat_repeat9.csv
0;61401;83129;14771;24560;289916;0;0;mkdir;1;cov;cat_repeat9.csv
0;60547;82458;14283;24244;275390;0;0;date;1;chisel;cat_repeat9.csv
0;61707;86182;14831;24575;285827;0;4;sed;2;bloated;cat_repeat9.csv
0;60485;82397;14343;24222;273742;0;0;printokens2;1;chisel;cat_repeat9.csv
0;60730;87097;15015;24550;285705;0;0;sed;1;chisel;cat_repeat9.csv
0;72083;100707;17517;28507;332519;0;0;gzip;2;cov;cat_repeat9.csv
0;73181;101074;17029;28771;330992;0;0;gzip;1;bloated;cat_repeat9.csv
0;62378;86243;14954;24817;285277;0;0;mkdir;2;bloated;cat_repeat9.csv
0;70923;96679;16541;28356;320372;0;0;gzip;1;debop;cat_repeat9.csv
0;60730;83007;14221;24244;273620;0;0;printokens2;2;debop;cat_repeat9.csv
0;72021;102417;18067;28501;323302;672;0;gzip;2;debop;cat_repeat9.csv
0;61218;82825;14343;24371;275512;0;0;mkdir;1;chisel;cat_repeat9.csv
0;63049;88867;15686;24664;278136;1099;0;date;1;debop;cat_repeat9.csv
0;98327;135803;23377;39975;456359;0;0;grep;2;chisel;cat_repeat9.csv
0;72510;101257;17150;28644;331054;0;0;gzip;1;cov;cat_repeat9.csv
0;61767;86364;14832;24662;286132;0;0;mkdir;2;cov;cat_repeat9.csv
